Saige,Finley,77
Calum,Hawkins,18
Ariel,Ingram,8
Tripp,Moran,70
Celeste,Morton,48
Roland,Olson,79
Isabel,Gonzales,76
Brayden,Stone,12
Catalina,Walter,4
Lochlan,Bonilla,72
Romina,Escobar,49
Zachariah,Robbins,97
Stevie,Knapp,6
Boden,Sheppard,2
Veda,Hodge,57
Reign,Burke,77
Vera,Walsh,28
Bodhi,Dominguez,21
Raegan,Shaffer,6
Dexter,Myers,96
Lydia,Lu,73
Duncan,Anderson,70
Ella,Fry,77
Jacoby,Person,64
Dylan,Ramos,13
Angel,Maldonado,19
Elaina,Stevenson,82
Callan,Copeland,99
Dayana,Cherry,17
Rome,Shaw,34
Emersyn,Reilly,6
Alvaro,McCormick,36
Macie,Harding,3
Brodie,Lugo,32
Kaylie,Winters,16
Deandre,Mayer,25
Ainhoa,Daniel,11
Grady,Francis,91
Daniella,Bradley,96
Richard,Jackson,15
Avery,Norris,87
Cairo,Lamb,78
Amaia,Monroe,68
Colby,Williamson,53
Catherine,Crawford,89
Kevin,Caldwell,57
Evelynn,Sutton,48
Warren,Schroeder,5
Cameron,McFarland,65
Dane,Todd,77
Zariah,Pace,12
Dior,Peralta,11
Malayah,Bryan,6
Jaxtyn,Felix,22
Paisleigh,Clarke,55
Stetson,Hendricks,98
Dani,Boyd,58
Dean,Dorsey,54
Addyson,Lara,29
Caiden,Vincent,12
Allyson,Huerta,68
Douglas,Schroeder,76
Cameron,Ibarra,80
Asa,Liu,86
Kate,McDonald,94
Calvin,Wood,58
Natalia,Gould,86
Blaine,Enriquez,8
Nellie,Rollins,31
Wes,Lyons,0
Kenzie,Huff,53
Finnley,Chandler,59
Viviana,Rush,33
Kaiser,Warner,53
Wynter,Reeves,88
Clark,Vang,40
Madisyn,Parsons,78
Lewis,Atkins,37
Mina,Munoz,68
Justin,Bailey,64
Kennedy,Rodriguez,16
Henry,Palmer,5
Juniper,Gutierrez,89
Luca,Hickman,65
Scarlette,Fields,17
Clayton,Hood,97
Briana,Atkinson,93
Duke,Edwards,86
Ivy,Sullivan,34
Evan,Cervantes,4
Aylin,Curry,49
Briggs,Ramos,25
Alice,Murillo,81
Lance,Todd,83
Zariah,Allison,89
Dennis,Perez,7
Eleanor,Marquez,2
Malakai,Joseph,85
Gracelynn,Santana,45
Mohamed,Berger,90
Laylah,Pace,96
Dior,Knox,5
Kallie,McKinney,77
Romeo,Baldwin,43
Esmeralda,Mejia,20
Atticus,Perkins,76
Sage,Fry,43
Jacoby,Hardy,70
Jessica,Owens,81
Adriel,Mejia,72
Saylor,Guerra,92
Leland,Avery,6
Meghan,Foster,56
Kayden,Yang,6
Angelina,Sweeney,10
Nixon,Stafford,96
Bridget,Peck,92
Yousef,Carlson,34
Kali,Sellers,71
Madden,Watkins,37
Lola,Woods,80
Zion,Simon,4
Kalani,Alexander,86
Kingston,Hensley,68
Malaya,Valentine,29
Demetrius,Goodwin,12
Shiloh,Payne,41
Edward,Ingram,40
Katie,Jacobson,26
Legacy,Farrell,95
Kassidy,York,65
Leandro,McCullough,14
Hana,Stephenson,31
Joe,Zuniga,24
Leslie,Cole,61
Nathaniel,Tanner,13
Harmoni,Lindsey,58
Jayson,Small,84
Zaria,O’Connell,54
Jovanni,Marsh,26
Adelina,Person,13
Moses,Guevara,80
Teresa,Goodwin,89
Kaison,Navarro,18
Winter,Parrish,57
Karsyn,Rosas,95
Joelle,McLean,43
Crosby,Flynn,8
Dorothy,Christian,28
Ledger,Robles,8
Felicity,Leon,25
Marshall,Ware,91
Eileen,Spears,56
Ameer,McKinney,58
Gwendolyn,Maddox,6
Lyric,Tanner,55
Harmoni,Mercado,95
Abram,Colon,42
Remy,Gutierrez,7
Luca,Dawson,98
Veronica,Gallegos,22
Jonas,Mills,61
June,Morris,75
Christian,Suarez,65
Jimena,Kennedy,82
Maxwell,Dominguez,31
Raegan,Middleton,69
Misael,Townsend,42
Azalea,Benitez,45
Justice,Mann,67
Paislee,Kane,35
Brock,Dudley,70
Hadleigh,Stark,66
Kristopher,Herrera,79
Ximena,Hines,86
Uriel,Cross,22
Nayeli,Christian,50
Ledger,Jenkins,42
Rylee,Rivers,38
Bear,Trejo,39
Rosalyn,Grimes,60
Harlan,Hester,7
Zendaya,Henry,43
Carlos,Morales,48
Skylar,Trujillo,44
Apollo,Coleman,85
Julia,Hendrix,80
Korbyn,Avalos,89
Paloma,Guerra,3
Leland,Sharp,41
Camryn,Cochran,54
Danny,King,38
Victoria,Serrano,98
Milan,Goodman,9
Carolina,Reese,57
Alijah,Golden,7
Giuliana,Shannon,9
Eliel,Charles,47
Jenna,Beil,95
Ariel,Howe,85
Persephone,Zhang,41
Isaias,Conley,9
Salem,Yoder,64
Johan,Avila,96
Amiyah,Hancock,20
Rex,Brady,43
Ryan,Weeks,95
Anders,Boone,57
Mariam,McConnell,32
London,Pena,27
Rachel,Cisneros,23
Alden,Valenzuela,91
Henley,Elliott,14
Blake,Castillo,34
Eva,Shaw,42
Elliot,Bowen,93
Dream,Brooks,47
Jordan,Wilkerson,25
Janiyah,Price,45
Brooks,McKenzie,48
Briar,Randall,75
Trenton,Anderson,30
Ella,McDowell,74
Lachlan,Padilla,74
Maggie,Parra,34
Davion,Esquivel,6
Jaylee,Parra,4
Davion,Rios,99
Brooke,Singh,34
Louis,Pineda,32
Nola,Bowers,10
Dorian,Strong,80
Margo,Small,54
Rudy,Cunningham,58
Marley,Parra,75
Davion,Bradford,8
Rhea,Schaefer,49
Ishaan,Sampson,0
Meilani,McKee,37
Bjorn,Osborne,28
Shelby,Campbell,15
Christopher,Wiggins,54
Capri,Wilcox,19
Jerry,Petersen,91
Fernanda,Rodriguez,14
Henry,Powell,52
Vivian,Pena,34
Marcus,Flores,72
Emilia,Kaur,53
Augustine,Baxter,46
Lara,Michael,43
Bronson,Pope,2
Aurelia,Gill,80
Matthias,Hunt,10
Genevieve,Stanton,15
Zyair,Stanley,64
Gracelyn,McBride,40
Denver,McClure,28
Estella,Malone,98
Ruben,Thornton,84
Haisley,Russo,99
Jamie,Roach,62
Lyanna,Keller,69
Nico,Vincent,94
Allyson,Benson,6
Desmond,Lloyd,37
Emely,Weeks,8
Anders,Levy,13
Flora,O’Connor,81
Princeton,Singleton,2
Malaysia,Dillon,13
Alvin,Hunter,88
Khloe,Meza,87
Lucian,Beil,40
Itzel,Peterson,97
Santiago,Waters,7
Bristol,Carrillo,48
Wade,O’brien,22
Joanna,Yang,66
Malcolm,Combs,77
Irene,Camacho,49
Tatum,Stein,68
Leilany,Aguirre,49
Andy,Nava,87
Scout,Love,13
Jeffrey,McIntosh,4
Gwen,Cook,15
Ezekiel,Mosley,9
Zaniyah,Ibarra,29
Asa,McKinney,18
Gwendolyn,Weeks,9
Anders,Lawrence,19
Lauren,Ortega,3
Kobe,King,16
Victoria,Holloway,13
Sutton,Ruiz,14
Emery,Harrison,29
Gavin,Jenkins,26
Rylee,Cantrell,3
Harris,Garcia,100
Amelia,Frederick,43
Kase,Morrison,86
Rebecca,Edwards,23
Adrian,Stone,3
Catalina,Pruitt,85
Gatlin,Burns,82
Emerson,Snyder,37
Thiago,Reyes,69
Audrey,Griffin,79
Ayden,Stokes,54
Miranda,Marshall,5
Kaiden,Salinas,53
Royalty,Duffy,96
Kyng,Ford,56
Alexandra,Knapp,12
Boden,Schneider,30
Delaney,Leblanc,58
Braden,Mann,23
Paislee,Hebert,38
Guillermo,Terrell,46
Paityn,Pineda,82
Gerardo,Summers,26
Frankie,McMillan,9
Rocky,Snyder,72
Callie,Villegas,66
Clyde,McLaughlin,88
Stephanie,Lucas,78
Chance,McCall,61
Kai,Jacobs,0
Bryan,Hobbs,15
Lacey,Simmons,35
Harrison,McCullough,76
Hana,Olson,14
Malachi,Tang,56
Belle,Nguyen,22
Gabriel,Montoya,88
Kamryn,Hanna,42
Aydin,Floyd,2
Yaretzi,Fox,74
Antonio,Parker,47
Aubrey,Collier,5
Edison,Miranda,65
Amina,Nash,87
Chandler,Salinas,13
Royalty,Orozco,61
Keanu,Wood,91
Natalia,Simon,100
Zayne,Levy,89
Flora,Norris,63
Cairo,Morgan,79
Delilah,Hutchinson,18
Korbin,Velasquez,23
Esme,McKay,100
Joey,Munoz,45
Kehlani,Navarro,27
Reid,Singleton,50
Malaysia,Daniel,65
Grady,Dyer,85
Estrella,Davenport,37
Dariel,Wang,34
Kailani,Miles,12
Jared,Berger,100
Laylah,Cain,69
Benson,Carroll,26
Zara,Villanueva,82
Huxley,Patterson,18
Kaylee,Noble,66
Idris,Bennett,46
Josephine,Donovan,80
Brayan,Combs,44
Irene,Lu,12
Duncan,Sanford,60
Emerald,Landry,5
Jaxx,Kim,7
Gabriella,Hines,38
Uriel,O’brien,77
Joanna,Jaramillo,5
Riggs,Munoz,99
Kehlani,Enriquez,21
Elisha,Webb,6
Ariella,Beil,2
Ariel,Barajas,27
Keilani,Cline,29
Cullen,Buckley,51
Theodora,Sandoval,64
Brantley,O’Donnell,99
Bellamy,Kemp,47
Melvin,Holland,77
Mariah,Dudley,98
Colter,Hines,7
Poppy,Glenn,5
Zaid,Franco,48
Charleigh,Palmer,45
Theo,Deleon,2
Gabrielle,Velasquez,35
Sullivan,Yoder,18
Emerie,Fowler,18
Kameron,McPherson,99
Emmaline,Cantu,56
Anakin,Gomez,43
Natalie,Serrano,44
Milan,Burnett,94
Emberly,Kramer,61
Kylan,Anthony,90
Macy,Vaughn,67
Remy,Dennis,65
Maisie,Estes,22
Hakeem,Quintana,75
Kenia,Foster,8
Kayden,Williams,96
Ava,Dougherty,91
Brett,Rosales,62
Kinley,Mullins,87
Allen,Arellano,81
Faye,Delarosa,12
Osiris,Ellison,99
Raina,Vo,26
Gordon,Dominguez,98
Raegan,Stark,91
Kristopher,Harmon,79
Maren,Barajas,96
Brennan,Wong,8
Adelaide,Friedman,83
Darwin,Calderon,82
Serena,Hoffman,36
Steven,Buchanan,55
Maryam,Rangel,75
Saint,Terry,2
Wren,Lang,65
Wells,McIntosh,94
Gwen,Clark,80
John,Marsh,85
Adelina,O’Neill,82
Marcel,Mata,54
Lillie,Rojas,89
Colin,Powell,19
Vivian,Anthony,84
Shiloh,Becker,40
Laura,Francis,88
Harvey,Levy,69
Flora,Long,4
Jace,Mosley,44
Zaniyah,Hawkins,23
Victor,Whitney,52
Madalynn,Solis,88
Ronin,Rogers,82
Madelyn,McKinney,26
Romeo,Hicks,35
Alina,Griffith,80
Franklin,Parks,89
Ainsley,O’Connor,44
Princeton,Bradley,86
Vanessa,Kelley,56
Eric,Mullins,69
Maliyah,Mata,46
Ray,Estrada,24
Sawyer,Garrett,77
Kairo,Sullivan,77
Melanie,Scott,59
Leo,Sexton,11
Ellen,Morgan,10
Hunter,Schwartz,36
Lilliana,Wheeler,36
Kenneth,Cain,80
Kendra,Ochoa,30
Winston,Lim,23
Giavanna,Hansen,4
Charlie,Woodward,42
Drew,Simmons,67
Harrison,Parsons,29
Maia,Rosario,26
Jedidiah,Goodwin,35
Shiloh,Hanna,48
Aydin,Franco,49
Charleigh,Valentine,66
Demetrius,Bond,4
Alena,Valentine,62
Demetrius,Simon,63
Kalani,Golden,26
Amias,Medrano,63
Halle,Mata,51
Ray,Scott,23
Aurora,Boyle,96
Robin,Salinas,33
Royalty,Collier,27
Edison,Dickson,37
Emmalynn,Acevedo,61
Dakari,Hendricks,65
Dani,Mitchell,4
Jaxon,Mullins,5
Maliyah,Landry,71
Jaxx,Cross,84
Nayeli,Holloway,24
Sutton,Molina,68
Alexandria,Ortiz,76
Landon,Hodge,41
Coraline,Fisher,75
Gael,Ingram,58
Katie,Murphy,57
Cameron,Herring,11
Denver,Arnold,1
Abraham,Romero,69
Eliza,Simpson,83
Elliott,Cochran,47
Alma,Sandoval,87
Brantley,Ramos,13
Alice,Molina,8
Prince,Harrington,89
Legacy,Archer,63
Ephraim,Lim,37
Giavanna,Stuart,89
Dion,Huff,55
Karsyn,Keller,21
Nico,Orr,29
Alaiya,Floyd,8
Pierce,Williamson,16
Catherine,Saunders,66
Kasen,Leon,61
Amora,Baker,95
Ezra,Charles,86
Jenna,English,58
Junior,Hogan,60
Kathryn,Perry,92
Waylon,Kaur,18
Holland,Wyatt,6
Sam,Lane,83
Amy,Sanchez,18
Joseph,Holmes,71
Bailey,Cooper,13
Jonathan,Holland,71
Mariah,Park,87
Daxton,Fisher,72
Arya,Holloway,22
Sutton,Snyder,57
Callie,Vincent,98
Aarav,Mata,51
Lillie,Stewart,49
Nolan,Barnett,22
Harlow,Portillo,95
Wallace,Murillo,19
Mikaela,Blackburn,40
Zahir,Shah,36
Angelica,Gilbert,97
Tobias,Trevino,82
Priscilla,Wilcox,17
Jerry,Bell,70
Melody,Reyna,50
Reginald,Cortez,46
Haven,Barrera,18
Makai,Peck,37
Crystal,Gilmore,81
Vihaan,Mejia,66
Saylor,Hood,65
Brixton,Henson,7
Kinslee,Horton,54
Garrett,Dorsey,35
Addyson,Crawford,46
Kevin,Lucas,1
Phoenix,Henderson,21
Beau,Bowen,24
Dream,Gillespie,84
Forest,Villalobos,73
Zoya,McClain,27
Mitchell,Diaz,19
Elena,Browning,10
Rohan,McDaniel,68
Dahlia,Villa,26
Clay,Lucero,96
Ila,Ponce,88
Langston,Robles,31
Felicity,Park,86
Daxton,Humphrey,88
Journi,Hester,14
Rene,Simon,41
Kalani,Douglas,31
Derek,Matthews,3
Lila,Munoz,50
Justin,Owens,63
Amaya,Frederick,85
Kase,Lynn,6
Samira,Glenn,11
Zaid,Armstrong,71
Presley,Morales,54
Aaron,Rasmussen,85
Esperanza,Whitaker,53
Keith,Cervantes,90
Aylin,Adams,6
Hudson,Stewart,22
Maya,Middleton,85
Misael,Riley,64
Kayla,Hodges,26
Alonzo,Rowe,5
Matilda,Lara,76
Caiden,Weaver,27
Teagan,Noble,73
Idris,Rasmussen,43
Esperanza,Hodges,31
Alonzo,Barrera,12
Beatrice,Reyes,16
Eli,Mills,12
June,Palacios,97
Thaddeus,Hunter,2
Khloe,Mahoney,10
Kamryn,Tang,98
Belle,Romero,50
Bryson,Villanueva,42
Monroe,Wright,6
Grayson,Franco,53
Charleigh,Sierra,99
Dayton,Banks,8
Cali,Doyle,73
Kashton,George,73
Adelyn,Kaur,9
Augustine,Short,1
Cheyenne,Palmer,3
Theo,Branch,21
Luisa,Roberts,21
Josiah,Webster,46
Kensley,Gonzalez,51
Ethan,Villanueva,95
Monroe,Barrera,10
Makai,Donaldson,4
Natasha,Rosas,2
Remi,Cobb,84
Aviana,Knapp,82
Boden,Griffin,29
Charlie,Faulkner,76
Jabari,Vang,81
Madisyn,Mathis,2
Gustavo,Harper,51
Ana,Combs,32
Ahmad,Ellison,37
Raina,Chase,28
Otis,Horn,88
Avah,Phillips,86
Andrew,Vasquez,57
Rose,Gilmore,44
Vihaan,Gentry,19
Amelie,Yu,96
Bryant,Sims,7
Lena,Li,14
Jorge,O’brien,53
Joanna,Salinas,88
Edgar,Hickman,30
Scarlette,Rhodes,4
Titus,Brock,38
Jada,Mathews,5
Jamir,Faulkner,20
Ansley,Moran,46
Tate,Holloway,14
Mae,Montoya,59
Ford,Duke,23
Melani,Hodge,0
Reign,Watson,34
Hailey,Salgado,85
Trace,Hunt,45
Genevieve,Kelly,78
Cooper,Rivers,47
Kiana,McClain,71
Mitchell,Jacobson,81
Royal,Duncan,67
Avery,Waller,86
Whitley,Cuevas,44
Brecken,Randolph,99
Kailey,Cooper,77
Jonathan,Morton,4
Mallory,Page,1
Pablo,Willis,34
